AoA,Cl,Cd,cm
-10,0.1153358,0.1310321,-0.009683605
-5,0.2905036,0.06197781,-0.01076667
0,0.7033676,-0.02493252,-0.01823205
5,1.260334,0.09914186,-0.02492166
10,1.624972,0.1589986,-0.03514658
20,1.282161,0.3924819,-0.01424749
25,1.253074,0.5431721,-0.007071956
30,1.288141,0.7021235,-0.001120016
