AoA,Cl,L,Cd,Arrastre,cm
0,0.6755522,26.79268543,0.0566134,2.245311343,0.09521158
5,1.065966,42.27666154,0.08667545,3.437584936,0.127444
10,1.408408,55.85805582,0.1411778,5.599171144,0.1526424
15,1.654792,65.62974927,0.2145348,8.508540731,0.1667285
20,1.547422,61.37140974,0.3084329,12.23257901,0.2017797
