AoA,Cl,Cd,cm_x0.00,cm_x0.16,cm_x0.32,cm_x0.48,cm_x0.64,cm_x0.80,cm_x0.96,cm_x1.12,cm_x1.28,cm_x1.44,cm_x1.60
0,6.742510e-01,5.659065e-02,-9.456587e-02,8.228685e-02,2.591396e-01,4.359923e-01,6.128450e-01,7.896977e-01,9.665504e-01,1.143403e+00,1.320256e+00,1.497109e+00,1.673961e+00
5,1.066094e+00,8.669824e-02,-1.273635e-01,1.531857e-01,4.337349e-01,7.142841e-01,9.948333e-01,1.275383e+00,1.555932e+00,1.836481e+00,2.117030e+00,2.397579e+00,2.678129e+00
10,1.407342e+00,1.410576e-01,-1.524557e-01,2.174998e-01,5.874553e-01,9.574109e-01,1.327366e+00,1.697322e+00,2.067278e+00,2.437233e+00,2.807189e+00,3.177144e+00,3.547100e+00
15,1.634925e+00,2.121716e-01,-1.655513e-01,2.630731e-01,6.916975e-01,1.120322e+00,1.548946e+00,1.977571e+00,2.406195e+00,2.834820e+00,3.263444e+00,3.692068e+00,4.120693e+00
20,1.542341e+00,3.073273e-01,-2.013084e-01,2.064131e-01,6.141345e-01,1.021856e+00,1.429577e+00,1.837299e+00,2.245020e+00,2.652742e+00,3.060463e+00,3.468185e+00,3.875906e+00
25,1.282499e+00,4.247803e-01,-2.404506e-01,1.115124e-01,4.634754e-01,8.154384e-01,1.167401e+00,1.519364e+00,1.871327e+00,2.223290e+00,2.575253e+00,2.927216e+00,3.279179e+00
